Coverage,Mean_PctVoF,N_Feasible
No limit,0.778598614113416,200
Relaxed,9.430255917108612,7
Moderate,20.115239516939898,6
Tight,,0
